_from_name,_to_name,_uid
"""CustomerSupportTeam""","""kevinwilson""",ade3cea1-20ff-4f3b-8cfe-921062a5bdc5
"""CustomerSupportTeam""","""davidtaylor""",aa8e6b43-2330-42b6-a78c-120b47b4811e
"""CustomerSupportTeam""","""lisawhite""",dfe33798-573c-4cbc-aa93-4a12533a6a42
"""CustomerSupportTeam""","""lisawhite""",61142cb9-6dfb-421f-867d-490724e69450
"""CustomerSupportTeam""","""lauradavis""",13f5869e-125c-4b03-bc47-8b47ff6d6613
"""CustomerSupportTeam""","""jenniferlopez""",965abca2-6f49-4c27-8855-4349b6fc6a3d
"""CustomerSupportTeam""","""davidtaylor""",4e964842-0cbc-4692-8e50-cbd75db78b61
"""CustomerSupportTeam""","""amycarter""",0863fdc9-dba5-44a9-9b82-b59d117e884e
"""CustomerSupportTeam""","""emilyjones""",e7d0e1e5-34da-49cb-b80b-19e87c7dee0b
"""CustomerSupportTeam""","""lisawhite""",0b8cff34-8b49-4e09-8f94-b0c08f728e29
"""ProductDevelopmentTeam""","""jasonlee""",687368f6-4c27-4bc5-b0c9-75695ed62aef
"""ProductDevelopmentTeam""","""amycarter""",5a951376-0bd0-4755-a07b-f38f08cd7661
"""ProductDevelopmentTeam""","""sandrabrown""",3690e6ec-9078-4c0b-a2b2-036fa78013be
"""ProductDevelopmentTeam""","""emilyjones""",e673e306-46b1-4f6a-8db2-c4fe603640f1
"""ProductDevelopmentTeam""","""mikedavis""",c1059e88-9be3-4722-98f4-b81ac69ffc47
"""ProductDevelopmentTeam""","""sarahsmith""",34425cc2-e7c5-47d6-8d8d-f02353b1c93e
"""ProductDevelopmentTeam""","""jenniferlopez""",f9131d93-1d34-4c9f-9a7f-abaad31c2ba2
"""ProductDevelopmentTeam""","""kevinwilson""",1572aadc-8640-47a5-b4bb-40342edf8ffc
"""ProductDevelopmentTeam""","""alexwilson""",7dc81d4d-f58c-4d1f-89c6-ed4ea1200df7
"""ProductDevelopmentTeam""","""rebeccajones""",42f88d44-4238-40b7-a436-21fd220b0dd0
"""ProjectManagementTeam""","""mikedavis""",3ba9702c-9a12-437a-b8f2-0daa4d3a0393
"""ProjectManagementTeam""","""johndoe""",d7e22478-a73a-4b03-b4be-bdd7f47e13a5
"""ProjectManagementTeam""","""johndoe""",ad309303-fb96-40aa-845f-ebe3be059536
"""ProjectManagementTeam""","""amycarter""",074c0c51-a07c-4bcf-bc2d-8ccf616e6667
"""ProjectManagementTeam""","""ryansmith""",ca028c5e-1d17-4e7e-a322-fd4e42ef3746
"""ProjectManagementTeam""","""ryansmith""",5841fa88-afe3-43ed-b66e-30be8a3792fc
"""ProjectManagementTeam""","""emilyjones""",52d51b2d-8d29-4683-8150-e20a0b4d5fe6
"""ProjectManagementTeam""","""matthewjohnson""",3bc89cc7-3f8a-4ad7-87b9-5a46ed50550f
"""ProjectManagementTeam""","""mikedavis""",b89da508-e5cd-4a9d-a49f-416aa3b67b06
"""ProjectManagementTeam""","""chrisbrown""",cb38aad9-f454-474d-9deb-3f3be73aae77
"""EngineeringTeam""","""annawalker""",ef54f6bc-0ec1-4313-b170-c4e1e817c4ed
"""EngineeringTeam""","""rebeccajones""",70d14c5d-e4de-458e-882f-283e201d094a
"""EngineeringTeam""","""ryansmith""",a29617ab-1371-4153-9fac-272fd4548dbe
"""EngineeringTeam""","""jasonlee""",522147ab-f8ab-44f8-8743-fdc487845df3
"""EngineeringTeam""","""kevinwilson""",288d6c2c-972d-42c3-bb63-f2f6a1a1b3bb
"""EngineeringTeam""","""annawalker""",382501d2-dbfa-4b57-b686-f69c26124913
"""EngineeringTeam""","""sandrabrown""",ed1fcd1d-e19c-41a8-b7a8-e6402dcceec5
"""EngineeringTeam""","""jasonlee""",46a76bdc-c370-4da1-bf38-e6e531ae5f50
"""EngineeringTeam""","""rebeccajones""",9455f5fa-532d-437e-b159-21190f062633
"""EngineeringTeam""","""markroberts""",ef5a1f43-e673-42db-a285-0fc283164e07
"""ResearchandDevelopmentTeam""","""amycarter""",9dd15b6c-fa81-46f2-bc99-9333f9b88f1f
"""ResearchandDevelopmentTeam""","""kevinwilson""",0a0128a5-10be-4ebe-b937-155b51f8a7ec
"""ResearchandDevelopmentTeam""","""amycarter""",d95315a3-77b1-4243-8914-324ce0e7360d
"""ResearchandDevelopmentTeam""","""jenniferlopez""",4442d984-1d33-4a85-815d-d108de1b170f
"""ResearchandDevelopmentTeam""","""emilyjones""",0276e3e1-ff65-48bf-9849-6d5eef794910
"""ResearchandDevelopmentTeam""","""jenniferlopez""",27ae64ff-ef5c-40a8-9fe2-a5d01fbf7247
"""ResearchandDevelopmentTeam""","""markroberts""",018e5063-d883-46d2-995e-9339d70b0b4d
"""ResearchandDevelopmentTeam""","""sandrabrown""",856d84a5-ce15-473a-a820-28edde0a44e5
"""ResearchandDevelopmentTeam""","""lisawhite""",81835bab-3562-4e4e-b232-32375a9d58f8
"""ResearchandDevelopmentTeam""","""alexwilson""",77bc3a73-e293-4191-8a60-4445827a4fd8
"""ProjectManagementTeam""","""ryansmith""",c35a1a97-c1f9-407c-a001-6f35f3d3e266
"""ProjectManagementTeam""","""rebeccajones""",a57f4647-f87b-45bb-9e96-d8f73e7f4433
"""ProjectManagementTeam""","""markroberts""",fa5de9d3-07d4-4a48-a6ec-d81fa5f85d03
"""ProjectManagementTeam""","""markroberts""",48889f17-8ab6-484c-bf48-fa0b1a109369
"""ProjectManagementTeam""","""jasonlee""",7de67a88-d6ed-4434-8942-8a756c0783f3
"""ProjectManagementTeam""","""sarahsmith""",921fd24d-860b-44ab-9566-b64e554a652c
"""ProjectManagementTeam""","""emilyjones""",73d0f516-bb43-44bb-bdd7-ed9ce4a28408
"""ProjectManagementTeam""","""emilyjones""",f22bebd1-8954-475e-85c0-a96f59afad27
"""ProjectManagementTeam""","""markroberts""",9c7fbd81-1f96-4c36-8bf3-da0f9928bbdc
"""ProjectManagementTeam""","""johndoe""",64b16584-eafd-4e00-8bb4-3896121237f0
"""CustomerSupportTeam""","""jasonlee""",ecd6b03f-50a7-4132-88e2-9ae74535d59c
"""CustomerSupportTeam""","""lisawhite""",80f49172-7480-4661-ac79-6cc143f279eb
"""CustomerSupportTeam""","""lisawhite""",b8d786f1-a592-4b84-834a-731e25b22854
"""CustomerSupportTeam""","""sandrabrown""",f37cc731-7f35-4a70-b65d-4677f5681615
"""CustomerSupportTeam""","""sandrabrown""",c49ef659-783d-4f2a-bab4-9537dcb94140
"""CustomerSupportTeam""","""johndoe""",6ba22dd8-4569-4bd3-b075-6cfd4cb898e1
"""CustomerSupportTeam""","""davidtaylor""",64b60650-5b8e-485d-9624-f42183eb1508
"""CustomerSupportTeam""","""jasonlee""",b57ad663-933b-4649-8c0c-c9d09b1b415b
"""CustomerSupportTeam""","""emilyjones""",0220ef4c-639f-46b3-8cd6-cc4ab8d5facc
"""CustomerSupportTeam""","""sandrabrown""",aa0b571e-11e6-4fd6-a869-d7cae6cd1bfe
