_from_name,_to_name,name
"""jasonlee""","""Orders_Summary""","""Viewer"""
"""jasonlee""","""Customer_Summary""","""Admin"""
"""jasonlee""","""Customer_Summary""","""Engineer"""
"""emilyjones""","""Orders_Summary""","""Admin"""
"""emilyjones""","""Customer_Summary""","""Admin"""
"""amycarter""","""Orders_Summary""","""Admin"""
"""amycarter""","""Customer_Summary""","""Engineer"""
"""lisawhite""","""Orders_Summary""","""Engineer"""
"""lisawhite""","""Orders_Summary""","""Viewer"""
"""lisawhite""","""Customer_Summary""","""Admin"""
"""annawalker""","""Orders_Summary""","""Admin"""
"""annawalker""","""Customer_Summary""","""Admin"""
"""annawalker""","""Orders_Summary""","""Engineer"""
"""mikedavis""","""Customer_Summary""","""Viewer"""
"""kevinwilson""","""Orders_Summary""","""Admin"""
"""rebeccajones""","""Customer_Summary""","""Viewer"""
"""rebeccajones""","""Customer_Summary""","""Engineer"""
"""rebeccajones""","""Orders_Summary""","""Engineer"""
"""amycarter""","""Customer_Summary""","""Engineer"""
"""amycarter""","""Orders_Summary""","""Engineer"""
"""amycarter""","""Customer_Summary""","""Engineer"""
"""jasonlee""","""Orders_Summary""","""Engineer"""
"""sarahsmith""","""Orders_Summary""","""Viewer"""
"""markroberts""","""Customer_Summary""","""Viewer"""
"""markroberts""","""Orders_Summary""","""Engineer"""
"""jasonlee""","""Customer_Summary""","""Engineer"""
"""jasonlee""","""Orders_Summary""","""Admin"""
"""jasonlee""","""Customer_Summary""","""Engineer"""
"""emilyjones""","""Customer_Summary""","""Viewer"""
"""emilyjones""","""Orders_Summary""","""Viewer"""
"""emilyjones""","""Orders_Summary""","""Engineer"""
"""emilyjones""","""Customer_Summary""","""Viewer"""
"""markroberts""","""Orders_Summary""","""Admin"""
"""markroberts""","""Customer_Summary""","""Viewer"""
"""markroberts""","""Customer_Summary""","""Engineer"""
"""jenniferlopez""","""Orders_Summary""","""Engineer"""
"""jenniferlopez""","""Customer_Summary""","""Engineer"""
"""jenniferlopez""","""Orders_Summary""","""Admin"""
"""jenniferlopez""","""Orders_Summary""","""Engineer"""
"""jenniferlopez""","""Customer_Summary""","""Viewer"""
"""jenniferlopez""","""Orders_Summary""","""Viewer"""
"""ryansmith""","""Customer_Summary""","""Engineer"""
"""ryansmith""","""Customer_Summary""","""Admin"""
"""jasonlee""","""Orders_Summary""","""Viewer"""
"""chrisbrown""","""Customer_Summary""","""Engineer"""
"""chrisbrown""","""Orders_Summary""","""Engineer"""
"""chrisbrown""","""Customer_Summary""","""Admin"""
"""lisawhite""","""Orders_Summary""","""Engineer"""
"""lisawhite""","""Customer_Summary""","""Viewer"""
"""lisawhite""","""Orders_Summary""","""Viewer"""
"""markroberts""","""Orders_Summary""","""Viewer"""
"""mikedavis""","""Customer_Summary""","""Engineer"""
"""johndoe""","""Customer_Summary""","""Engineer"""
"""johndoe""","""Orders_Summary""","""Engineer"""
"""chrisbrown""","""Orders_Summary""","""Viewer"""
"""sandrabrown""","""Customer_Summary""","""Viewer"""
"""sandrabrown""","""Orders_Summary""","""Viewer"""
"""sandrabrown""","""Customer_Summary""","""Admin"""
"""davidtaylor""","""Customer_Summary""","""Engineer"""
"""davidtaylor""","""Orders_Summary""","""Engineer"""
"""davidtaylor""","""Customer_Summary""","""Viewer"""
"""ryansmith""","""Orders_Summary""","""Admin"""
"""sandrabrown""","""Customer_Summary""","""Admin"""
"""sandrabrown""","""Orders_Summary""","""Viewer"""
"""sandrabrown""","""Customer_Summary""","""Engineer"""
"""rebeccajones""","""Orders_Summary""","""Viewer"""
"""rebeccajones""","""Orders_Summary""","""Admin"""
"""rebeccajones""","""Customer_Summary""","""Viewer"""
"""sandrabrown""","""Customer_Summary""","""Viewer"""
"""rebeccajones""","""Orders_Summary""","""Engineer"""
"""rebeccajones""","""Orders_Summary""","""Viewer"""
"""rebeccajones""","""Customer_Summary""","""Viewer"""
"""amycarter""","""Orders_Summary""","""Engineer"""
"""amycarter""","""Customer_Summary""","""Viewer"""
"""amycarter""","""Orders_Summary""","""Viewer"""
"""sarahsmith""","""Customer_Summary""","""Viewer"""
"""lauradavis""","""Orders_Summary""","""Engineer"""
"""lauradavis""","""Customer_Summary""","""Engineer"""
"""davidtaylor""","""Orders_Summary""","""Engineer"""
"""davidtaylor""","""Customer_Summary""","""Viewer"""
"""davidtaylor""","""Orders_Summary""","""Viewer"""
"""mikedavis""","""Customer_Summary""","""Engineer"""
"""emilyjones""","""Orders_Summary""","""Engineer"""
"""emilyjones""","""Customer_Summary""","""Admin"""
"""emilyjones""","""Customer_Summary""","""Engineer"""
"""annawalker""","""Orders_Summary""","""Admin"""
"""matthewjohnson""","""Customer_Summary""","""Admin"""
"""matthewjohnson""","""Orders_Summary""","""Viewer"""
"""matthewjohnson""","""Orders_Summary""","""Admin"""
"""johndoe""","""Customer_Summary""","""Viewer"""
"""johndoe""","""Orders_Summary""","""Admin"""
"""markroberts""","""Customer_Summary""","""Engineer"""
"""sandrabrown""","""Orders_Summary""","""Engineer"""
"""sandrabrown""","""Customer_Summary""","""Viewer"""
"""davidtaylor""","""Orders_Summary""","""Engineer"""
"""lisawhite""","""Customer_Summary""","""Viewer"""
"""lisawhite""","""Customer_Summary""","""Viewer"""
"""kevinwilson""","""Orders_Summary""","""Viewer"""
"""kevinwilson""","""Customer_Summary""","""Viewer"""
"""kevinwilson""","""Orders_Summary""","""Engineer"""
"""kevinwilson""","""Customer_Summary""","""Admin"""
"""lisawhite""","""Orders_Summary""","""Admin"""
"""lisawhite""","""Orders_Summary""","""Admin"""
"""lisawhite""","""Customer_Summary""","""Admin"""
"""jasonlee""","""Orders_Summary""","""Viewer"""
"""jasonlee""","""Customer_Summary""","""Engineer"""
"""jasonlee""","""Customer_Summary""","""Viewer"""
"""alexwilson""","""Orders_Summary""","""Viewer"""
"""alexwilson""","""Customer_Summary""","""Admin"""
"""mikedavis""","""Orders_Summary""","""Engineer"""
"""mikedavis""","""Orders_Summary""","""Admin"""
"""mikedavis""","""Customer_Summary""","""Viewer"""
"""lisawhite""","""Orders_Summary""","""Engineer"""
"""lisawhite""","""Customer_Summary""","""Admin"""
"""lisawhite""","""Customer_Summary""","""Engineer"""
"""chrisbrown""","""Orders_Summary""","""Engineer"""
"""chrisbrown""","""Customer_Summary""","""Engineer"""
"""markroberts""","""Orders_Summary""","""Admin"""
"""rebeccajones""","""Customer_Summary""","""Engineer"""
"""johndoe""","""Orders_Summary""","""Admin"""
"""johndoe""","""Orders_Summary""","""Viewer"""
"""davidtaylor""","""Customer_Summary""","""Engineer"""
"""kevinwilson""","""Orders_Summary""","""Viewer"""
"""kevinwilson""","""Customer_Summary""","""Viewer"""
"""lisawhite""","""Orders_Summary""","""Engineer"""
"""emilyjones""","""Customer_Summary""","""Viewer"""
"""emilyjones""","""Customer_Summary""","""Engineer"""
"""emilyjones""","""Orders_Summary""","""Engineer"""
"""sandrabrown""","""Orders_Summary""","""Viewer"""
"""sandrabrown""","""Customer_Summary""","""Admin"""
"""sandrabrown""","""Orders_Summary""","""Viewer"""
"""amycarter""","""Customer_Summary""","""Viewer"""
"""amycarter""","""Customer_Summary""","""Engineer"""
"""amycarter""","""Orders_Summary""","""Engineer"""
"""markroberts""","""Orders_Summary""","""Viewer"""
"""alexwilson""","""Customer_Summary""","""Engineer"""
"""kevinwilson""","""Orders_Summary""","""Viewer"""
"""kevinwilson""","""Customer_Summary""","""Viewer"""
"""kevinwilson""","""Customer_Summary""","""Engineer"""
"""emilyjones""","""Orders_Summary""","""Admin"""
"""emilyjones""","""Customer_Summary""","""Admin"""
"""emilyjones""","""Orders_Summary""","""Engineer"""
"""emilyjones""","""Orders_Summary""","""Admin"""
"""emilyjones""","""Customer_Summary""","""Admin"""
"""emilyjones""","""Customer_Summary""","""Engineer"""
"""jenniferlopez""","""Orders_Summary""","""Viewer"""
"""jenniferlopez""","""Orders_Summary""","""Viewer"""
"""ryansmith""","""Customer_Summary""","""Engineer"""
"""ryansmith""","""Orders_Summary""","""Engineer"""
"""johndoe""","""Customer_Summary""","""Engineer"""
"""johndoe""","""Orders_Summary""","""Viewer"""
"""amycarter""","""Customer_Summary""","""Engineer"""
"""amycarter""","""Orders_Summary""","""Admin"""
"""davidtaylor""","""Customer_Summary""","""Admin"""
"""sandrabrown""","""Customer_Summary""","""Viewer"""
"""sandrabrown""","""Orders_Summary""","""Engineer"""
"""sandrabrown""","""Customer_Summary""","""Engineer"""
"""jenniferlopez""","""Orders_Summary""","""Viewer"""
"""jenniferlopez""","""Customer_Summary""","""Viewer"""
"""jasonlee""","""Orders_Summary""","""Viewer"""
"""jasonlee""","""Orders_Summary""","""Viewer"""
"""jasonlee""","""Customer_Summary""","""Admin"""
"""ryansmith""","""Customer_Summary""","""Admin"""
"""ryansmith""","""Orders_Summary""","""Engineer"""
"""rebeccajones""","""Customer_Summary""","""Admin"""
